DateTime,name,value
2023-01-01T00:00:00.0,Mollejon_U2,9.699999999999939
2023-01-01T00:00:00.0,Vaca_U1,9.00000000000002
2023-01-01T00:00:00.0,Vaca_U3,0.9999999999999999
2023-01-01T00:00:00.0,Chalillo_U1,3.9400000000000164
2023-01-01T00:00:00.0,Chalillo_U2,0.0
2023-01-01T00:00:00.0,Mollejon_U1,9.60424777253684
2023-01-01T00:00:00.0,Vaca_U2,9.0
2023-01-08T00:00:00.0,Mollejon_U2,9.7
2023-01-08T00:00:00.0,Vaca_U1,3.9999999999999996
2023-01-08T00:00:00.0,Vaca_U3,0.95
2023-01-08T00:00:00.0,Chalillo_U1,3.94
2023-01-08T00:00:00.0,Chalillo_U2,-0.0
2023-01-08T00:00:00.0,Mollejon_U1,9.7
2023-01-08T00:00:00.0,Vaca_U2,3.9999999999999996
2023-01-15T00:00:00.0,Mollejon_U2,9.7
2023-01-15T00:00:00.0,Vaca_U1,3.9999999999999996
2023-01-15T00:00:00.0,Vaca_U3,0.95
2023-01-15T00:00:00.0,Chalillo_U1,3.94
2023-01-15T00:00:00.0,Chalillo_U2,-0.0
2023-01-15T00:00:00.0,Mollejon_U1,9.7
2023-01-15T00:00:00.0,Vaca_U2,3.9999999999999996
2023-01-22T00:00:00.0,Mollejon_U2,9.7
2023-01-22T00:00:00.0,Vaca_U1,3.9999999999999996
2023-01-22T00:00:00.0,Vaca_U3,0.95
2023-01-22T00:00:00.0,Chalillo_U1,3.94
2023-01-22T00:00:00.0,Chalillo_U2,-0.0
2023-01-22T00:00:00.0,Mollejon_U1,9.7
2023-01-22T00:00:00.0,Vaca_U2,3.9999999999999996
2023-01-29T00:00:00.0,Mollejon_U2,9.599056603772539
2023-01-29T00:00:00.0,Vaca_U1,3.9999999999999996
2023-01-29T00:00:00.0,Vaca_U3,0.95
2023-01-29T00:00:00.0,Chalillo_U1,3.94
2023-01-29T00:00:00.0,Chalillo_U2,-0.0
2023-01-29T00:00:00.0,Mollejon_U1,9.7
2023-01-29T00:00:00.0,Vaca_U2,3.9999999999999996
2023-02-05T00:00:00.0,Mollejon_U2,9.700000000000262
2023-02-05T00:00:00.0,Vaca_U1,9.000000000000083
2023-02-05T00:00:00.0,Vaca_U3,0.9999999999999999
2023-02-05T00:00:00.0,Chalillo_U1,8.10363680920594e-14
2023-02-05T00:00:00.0,Chalillo_U2,0.0
2023-02-05T00:00:00.0,Mollejon_U1,9.700000000000001
2023-02-05T00:00:00.0,Vaca_U2,9.0
2023-02-12T00:00:00.0,Mollejon_U2,9.700000000000156
2023-02-12T00:00:00.0,Vaca_U1,8.999999999999808
2023-02-12T00:00:00.0,Vaca_U3,1.0
2023-02-12T00:00:00.0,Chalillo_U1,3.59564443354339
2023-02-12T00:00:00.0,Chalillo_U2,0.0
2023-02-12T00:00:00.0,Mollejon_U1,9.700000000000001
2023-02-12T00:00:00.0,Vaca_U2,0.0
2023-02-19T00:00:00.0,Mollejon_U2,9.699999999999967
2023-02-19T00:00:00.0,Vaca_U1,7.676601780159167
2023-02-19T00:00:00.0,Vaca_U3,0.0
2023-02-19T00:00:00.0,Chalillo_U1,3.939999999999935
2023-02-19T00:00:00.0,Chalillo_U2,0.0
2023-02-19T00:00:00.0,Mollejon_U1,8.918580704447308
2023-02-19T00:00:00.0,Vaca_U2,0.0
2023-02-26T00:00:00.0,Mollejon_U2,9.700000000000058
2023-02-26T00:00:00.0,Vaca_U1,4.988516305035011
2023-02-26T00:00:00.0,Vaca_U3,0.0
2023-02-26T00:00:00.0,Chalillo_U1,3.939999999999935
2023-02-26T00:00:00.0,Chalillo_U2,0.0
2023-02-26T00:00:00.0,Mollejon_U1,3.4999999999999996
2023-02-26T00:00:00.0,Vaca_U2,0.0
2023-03-05T00:00:00.0,Mollejon_U2,9.699999999999816
2023-03-05T00:00:00.0,Vaca_U1,-1.4428272100140892e-13
2023-03-05T00:00:00.0,Vaca_U3,0.9499999999999998
2023-03-05T00:00:00.0,Chalillo_U1,3.9400000000000164
2023-03-05T00:00:00.0,Chalillo_U2,0.0
2023-03-05T00:00:00.0,Mollejon_U1,0.0
2023-03-05T00:00:00.0,Vaca_U2,0.0
2023-03-12T00:00:00.0,Mollejon_U2,9.6999999999848
2023-03-12T00:00:00.0,Vaca_U1,4.631109371732413
2023-03-12T00:00:00.0,Vaca_U3,0.0
2023-03-12T00:00:00.0,Chalillo_U1,3.172170327049479
2023-03-12T00:00:00.0,Chalillo_U2,0.0
2023-03-12T00:00:00.0,Mollejon_U1,0.0
2023-03-12T00:00:00.0,Vaca_U2,0.0
2023-03-19T00:00:00.0,Mollejon_U2,-1.0500512496551074e-13
2023-03-19T00:00:00.0,Vaca_U1,0.0
2023-03-19T00:00:00.0,Vaca_U3,0.0
2023-03-19T00:00:00.0,Chalillo_U1,1.6030870697588069
2023-03-19T00:00:00.0,Chalillo_U2,0.0
2023-03-19T00:00:00.0,Mollejon_U1,0.0
2023-03-19T00:00:00.0,Vaca_U2,0.0
2023-03-26T00:00:00.0,Mollejon_U2,-7.260119968318512e-14
2023-03-26T00:00:00.0,Vaca_U1,-1.0066236348935504e-13
2023-03-26T00:00:00.0,Vaca_U3,1.0
2023-03-26T00:00:00.0,Chalillo_U1,0.0
2023-03-26T00:00:00.0,Chalillo_U2,0.0
2023-03-26T00:00:00.0,Mollejon_U1,3.4999999999999996
2023-03-26T00:00:00.0,Vaca_U2,0.0
2023-04-02T00:00:00.0,Mollejon_U2,5.204036127020991
2023-04-02T00:00:00.0,Vaca_U1,4.700440709857475
2023-04-02T00:00:00.0,Vaca_U3,0.0
2023-04-02T00:00:00.0,Chalillo_U1,0.0
2023-04-02T00:00:00.0,Chalillo_U2,0.0
2023-04-02T00:00:00.0,Mollejon_U1,0.0
2023-04-02T00:00:00.0,Vaca_U2,0.0
2023-04-09T00:00:00.0,Mollejon_U2,-1.7760632464869594e-13
2023-04-09T00:00:00.0,Vaca_U1,4.294927508879148e-14
2023-04-09T00:00:00.0,Vaca_U3,0.0
2023-04-09T00:00:00.0,Chalillo_U1,3.939999999999935
2023-04-09T00:00:00.0,Chalillo_U2,0.0
2023-04-09T00:00:00.0,Mollejon_U1,3.4999999999999996
2023-04-09T00:00:00.0,Vaca_U2,0.0
2023-04-16T00:00:00.0,Mollejon_U2,0.0
2023-04-16T00:00:00.0,Vaca_U1,-1.4763813311772073e-14
2023-04-16T00:00:00.0,Vaca_U3,1.0
2023-04-16T00:00:00.0,Chalillo_U1,-7.781473877953121e-15
2023-04-16T00:00:00.0,Chalillo_U2,0.0
2023-04-16T00:00:00.0,Mollejon_U1,0.0
2023-04-16T00:00:00.0,Vaca_U2,0.0
2023-04-23T00:00:00.0,Mollejon_U2,9.699999999999921
2023-04-23T00:00:00.0,Vaca_U1,4.475427481410026
2023-04-23T00:00:00.0,Vaca_U3,0.0
2023-04-23T00:00:00.0,Chalillo_U1,1.499999999999961
2023-04-23T00:00:00.0,Chalillo_U2,0.0
2023-04-23T00:00:00.0,Mollejon_U1,0.0
2023-04-23T00:00:00.0,Vaca_U2,0.0
2023-04-30T00:00:00.0,Mollejon_U2,3.499999999999822
2023-04-30T00:00:00.0,Vaca_U1,-3.623845085616782e-14
2023-04-30T00:00:00.0,Vaca_U3,1.0
2023-04-30T00:00:00.0,Chalillo_U1,1.499999999999961
2023-04-30T00:00:00.0,Chalillo_U2,0.0
2023-04-30T00:00:00.0,Mollejon_U1,0.0
2023-04-30T00:00:00.0,Vaca_U2,0.0
2023-05-07T00:00:00.0,Mollejon_U2,9.699999999999921
2023-05-07T00:00:00.0,Vaca_U1,1.2715564060493667e-8
2023-05-07T00:00:00.0,Vaca_U3,1.0
2023-05-07T00:00:00.0,Chalillo_U1,3.9400000000000164
2023-05-07T00:00:00.0,Chalillo_U2,0.0
2023-05-07T00:00:00.0,Mollejon_U1,0.0
2023-05-07T00:00:00.0,Vaca_U2,0.0
2023-05-14T00:00:00.0,Mollejon_U2,9.7
2023-05-14T00:00:00.0,Vaca_U1,-0.0
2023-05-14T00:00:00.0,Vaca_U3,1.0
2023-05-14T00:00:00.0,Chalillo_U1,3.94
2023-05-14T00:00:00.0,Chalillo_U2,-0.0
2023-05-14T00:00:00.0,Mollejon_U1,-0.0
2023-05-14T00:00:00.0,Vaca_U2,-0.0
2023-05-21T00:00:00.0,Mollejon_U2,0.0
2023-05-21T00:00:00.0,Vaca_U1,1.771657597412649e-13
2023-05-21T00:00:00.0,Vaca_U3,0.9499999999999998
2023-05-21T00:00:00.0,Chalillo_U1,1.5000000000000422
2023-05-21T00:00:00.0,Chalillo_U2,0.0
2023-05-21T00:00:00.0,Mollejon_U1,0.0
2023-05-21T00:00:00.0,Vaca_U2,0.0
2023-05-28T00:00:00.0,Mollejon_U2,0.0
2023-05-28T00:00:00.0,Vaca_U1,-1.6105978158296807e-14
2023-05-28T00:00:00.0,Vaca_U3,0.9499999999999998
2023-05-28T00:00:00.0,Chalillo_U1,8.10363680920594e-14
2023-05-28T00:00:00.0,Chalillo_U2,0.0
2023-05-28T00:00:00.0,Mollejon_U1,0.0
2023-05-28T00:00:00.0,Vaca_U2,0.0
2023-06-04T00:00:00.0,Mollejon_U2,3.4999999999997167
2023-06-04T00:00:00.0,Vaca_U1,4.819097503189208
2023-06-04T00:00:00.0,Vaca_U3,0.0
2023-06-04T00:00:00.0,Chalillo_U1,1.499999999999961
2023-06-04T00:00:00.0,Chalillo_U2,0.0
2023-06-04T00:00:00.0,Mollejon_U1,0.0
2023-06-04T00:00:00.0,Vaca_U2,0.0
2023-06-11T00:00:00.0,Mollejon_U2,-1.0500512496551074e-13
2023-06-11T00:00:00.0,Vaca_U1,0.0
2023-06-11T00:00:00.0,Vaca_U3,0.0
2023-06-11T00:00:00.0,Chalillo_U1,3.9400000000000164
2023-06-11T00:00:00.0,Chalillo_U2,0.0
2023-06-11T00:00:00.0,Mollejon_U1,0.0
2023-06-11T00:00:00.0,Vaca_U2,0.0
2023-06-18T00:00:00.0,Mollejon_U2,-3.150153748965322e-13
2023-06-18T00:00:00.0,Vaca_U1,-1.2884782526637446e-13
2023-06-18T00:00:00.0,Vaca_U3,0.0
2023-06-18T00:00:00.0,Chalillo_U1,1.6727461621247208
2023-06-18T00:00:00.0,Chalillo_U2,0.0
2023-06-18T00:00:00.0,Mollejon_U1,0.0
2023-06-18T00:00:00.0,Vaca_U2,0.0
2023-06-25T00:00:00.0,Mollejon_U2,9.700000000000163
2023-06-25T00:00:00.0,Vaca_U1,5.47509596035833
2023-06-25T00:00:00.0,Vaca_U3,0.0
2023-06-25T00:00:00.0,Chalillo_U1,3.9400000000000164
2023-06-25T00:00:00.0,Chalillo_U2,0.0
2023-06-25T00:00:00.0,Mollejon_U1,3.4999999999999996
2023-06-25T00:00:00.0,Vaca_U2,0.0
2023-07-02T00:00:00.0,Mollejon_U2,6.44562677093085
2023-07-02T00:00:00.0,Vaca_U1,-2.0115695637289452e-13
2023-07-02T00:00:00.0,Vaca_U3,0.9999999999997783
2023-07-02T00:00:00.0,Chalillo_U1,0.0
2023-07-02T00:00:00.0,Chalillo_U2,0.0
2023-07-02T00:00:00.0,Mollejon_U1,0.0
2023-07-02T00:00:00.0,Vaca_U2,0.0
2023-07-09T00:00:00.0,Mollejon_U2,-1.0500512496551074e-13
2023-07-09T00:00:00.0,Vaca_U1,-8.589855017758298e-14
2023-07-09T00:00:00.0,Vaca_U3,0.0
2023-07-09T00:00:00.0,Chalillo_U1,0.0
2023-07-09T00:00:00.0,Chalillo_U2,0.0
2023-07-09T00:00:00.0,Mollejon_U1,0.0
2023-07-09T00:00:00.0,Vaca_U2,0.0
2023-07-16T00:00:00.0,Mollejon_U2,7.0669395989235
2023-07-16T00:00:00.0,Vaca_U1,4.547513751842491
2023-07-16T00:00:00.0,Vaca_U3,0.0
2023-07-16T00:00:00.0,Chalillo_U1,8.10363680920594e-14
2023-07-16T00:00:00.0,Chalillo_U2,0.0
2023-07-16T00:00:00.0,Mollejon_U1,0.0
2023-07-16T00:00:00.0,Vaca_U2,0.0
2023-07-23T00:00:00.0,Mollejon_U2,5.163371286441477
2023-07-23T00:00:00.0,Vaca_U1,1.0938643499176583e-13
2023-07-23T00:00:00.0,Vaca_U3,0.9782623286182867
2023-07-23T00:00:00.0,Chalillo_U1,0.0
2023-07-23T00:00:00.0,Chalillo_U2,0.0
2023-07-23T00:00:00.0,Mollejon_U1,0.0
2023-07-23T00:00:00.0,Vaca_U2,0.0
2023-07-30T00:00:00.0,Mollejon_U2,-4.2002049986204294e-13
2023-07-30T00:00:00.0,Vaca_U1,-1.845476663971509e-14
2023-07-30T00:00:00.0,Vaca_U3,0.9999999999999607
2023-07-30T00:00:00.0,Chalillo_U1,-8.10363680920594e-14
2023-07-30T00:00:00.0,Chalillo_U2,0.0
2023-07-30T00:00:00.0,Mollejon_U1,0.0
2023-07-30T00:00:00.0,Vaca_U2,0.0
2023-08-06T00:00:00.0,Mollejon_U2,9.700000000000133
2023-08-06T00:00:00.0,Vaca_U1,9.119185751269561e-15
2023-08-06T00:00:00.0,Vaca_U3,-9.103828801926284e-13
2023-08-06T00:00:00.0,Chalillo_U1,3.9400000000000164
2023-08-06T00:00:00.0,Chalillo_U2,0.0
2023-08-06T00:00:00.0,Mollejon_U1,0.0
2023-08-06T00:00:00.0,Vaca_U2,0.0
2023-08-13T00:00:00.0,Mollejon_U2,9.246707768622562
2023-08-13T00:00:00.0,Vaca_U1,5.5127212206402065
2023-08-13T00:00:00.0,Vaca_U3,0.0
2023-08-13T00:00:00.0,Chalillo_U1,3.370940229703435
2023-08-13T00:00:00.0,Chalillo_U2,0.0
2023-08-13T00:00:00.0,Mollejon_U1,0.0
2023-08-13T00:00:00.0,Vaca_U2,0.0
2023-08-20T00:00:00.0,Mollejon_U2,9.699999999999816
2023-08-20T00:00:00.0,Vaca_U1,-1.0670210529871635e-13
2023-08-20T00:00:00.0,Vaca_U3,0.0
2023-08-20T00:00:00.0,Chalillo_U1,3.9400000000000164
2023-08-20T00:00:00.0,Chalillo_U2,0.0
2023-08-20T00:00:00.0,Mollejon_U1,0.0
2023-08-20T00:00:00.0,Vaca_U2,0.0
2023-08-27T00:00:00.0,Mollejon_U2,-1.0500512496551074e-13
2023-08-27T00:00:00.0,Vaca_U1,-8.052989079148404e-14
2023-08-27T00:00:00.0,Vaca_U3,0.9499999999999998
2023-08-27T00:00:00.0,Chalillo_U1,8.10363680920594e-14
2023-08-27T00:00:00.0,Chalillo_U2,0.0
2023-08-27T00:00:00.0,Mollejon_U1,0.0
2023-08-27T00:00:00.0,Vaca_U2,0.0
2023-09-03T00:00:00.0,Mollejon_U2,-2.1001024993102147e-13
2023-09-03T00:00:00.0,Vaca_U1,4.7690975031913325
2023-09-03T00:00:00.0,Vaca_U3,0.0
2023-09-03T00:00:00.0,Chalillo_U1,0.0
2023-09-03T00:00:00.0,Chalillo_U2,0.0
2023-09-03T00:00:00.0,Mollejon_U1,0.0
2023-09-03T00:00:00.0,Vaca_U2,0.0
2023-09-10T00:00:00.0,Mollejon_U2,1.0500512496551074e-13
2023-09-10T00:00:00.0,Vaca_U1,-4.294927508879149e-14
2023-09-10T00:00:00.0,Vaca_U3,0.0
2023-09-10T00:00:00.0,Chalillo_U1,2.964620727086078
2023-09-10T00:00:00.0,Chalillo_U2,0.0
2023-09-10T00:00:00.0,Mollejon_U1,0.0
2023-09-10T00:00:00.0,Vaca_U2,0.0
2023-09-17T00:00:00.0,Mollejon_U2,2.3626153117239923e-13
2023-09-17T00:00:00.0,Vaca_U1,4.966009932141518e-14
2023-09-17T00:00:00.0,Vaca_U3,1.0
2023-09-17T00:00:00.0,Chalillo_U1,1.5000000000000422
2023-09-17T00:00:00.0,Chalillo_U2,0.0
2023-09-17T00:00:00.0,Mollejon_U1,9.700000000000001
2023-09-17T00:00:00.0,Vaca_U2,0.0
2023-09-24T00:00:00.0,Mollejon_U2,8.821256997072231
2023-09-24T00:00:00.0,Vaca_U1,4.475095960358646
2023-09-24T00:00:00.0,Vaca_U3,0.0
2023-09-24T00:00:00.0,Chalillo_U1,2.4850771366439752
2023-09-24T00:00:00.0,Chalillo_U2,0.0
2023-09-24T00:00:00.0,Mollejon_U1,0.0
2023-09-24T00:00:00.0,Vaca_U2,0.0
2023-10-01T00:00:00.0,Mollejon_U2,4.2002049986204294e-13
2023-10-01T00:00:00.0,Vaca_U1,-1.014173312155252e-12
2023-10-01T00:00:00.0,Vaca_U3,1.0000000000009779
2023-10-01T00:00:00.0,Chalillo_U1,8.10363680920594e-14
2023-10-01T00:00:00.0,Chalillo_U2,0.0
2023-10-01T00:00:00.0,Mollejon_U1,0.0
2023-10-01T00:00:00.0,Vaca_U2,0.0
2023-10-08T00:00:00.0,Mollejon_U2,9.699999999999712
2023-10-08T00:00:00.0,Vaca_U1,-3.892278054921729e-14
2023-10-08T00:00:00.0,Vaca_U3,0.9999999999978337
2023-10-08T00:00:00.0,Chalillo_U1,3.939999999999935
2023-10-08T00:00:00.0,Chalillo_U2,0.0
2023-10-08T00:00:00.0,Mollejon_U1,0.0
2023-10-08T00:00:00.0,Vaca_U2,0.0
2023-10-15T00:00:00.0,Mollejon_U2,0.0
2023-10-15T00:00:00.0,Vaca_U1,1.140840119546024e-13
2023-10-15T00:00:00.0,Vaca_U3,1.0
2023-10-15T00:00:00.0,Chalillo_U1,1.499999999999961
2023-10-15T00:00:00.0,Chalillo_U2,0.0
2023-10-15T00:00:00.0,Mollejon_U1,0.0
2023-10-15T00:00:00.0,Vaca_U2,0.0
2023-10-22T00:00:00.0,Mollejon_U2,9.700000000000026
2023-10-22T00:00:00.0,Vaca_U1,4.475776080459612
2023-10-22T00:00:00.0,Vaca_U3,0.0
2023-10-22T00:00:00.0,Chalillo_U1,2.2270754013175362
2023-10-22T00:00:00.0,Chalillo_U2,0.0
2023-10-22T00:00:00.0,Mollejon_U1,0.0
2023-10-22T00:00:00.0,Vaca_U2,0.0
2023-10-29T00:00:00.0,Mollejon_U2,-2.1001024993102152e-13
2023-10-29T00:00:00.0,Vaca_U1,-3.3050809345671574e-14
2023-10-29T00:00:00.0,Vaca_U3,0.9709080652437951
2023-10-29T00:00:00.0,Chalillo_U1,0.0
2023-10-29T00:00:00.0,Chalillo_U2,0.0
2023-10-29T00:00:00.0,Mollejon_U1,0.0
2023-10-29T00:00:00.0,Vaca_U2,0.0
2023-11-05T00:00:00.0,Mollejon_U2,-0.0
2023-11-05T00:00:00.0,Vaca_U1,-0.0
2023-11-05T00:00:00.0,Vaca_U3,1.0
2023-11-05T00:00:00.0,Chalillo_U1,-0.0
2023-11-05T00:00:00.0,Chalillo_U2,-0.0
2023-11-05T00:00:00.0,Mollejon_U1,-0.0
2023-11-05T00:00:00.0,Vaca_U2,-0.0
2023-11-12T00:00:00.0,Mollejon_U2,-4.2002049986204294e-13
2023-11-12T00:00:00.0,Vaca_U1,-1.0737318772197872e-13
2023-11-12T00:00:00.0,Vaca_U3,0.0
2023-11-12T00:00:00.0,Chalillo_U1,0.0
2023-11-12T00:00:00.0,Chalillo_U2,0.0
2023-11-12T00:00:00.0,Mollejon_U1,0.0
2023-11-12T00:00:00.0,Vaca_U2,0.0
2023-11-19T00:00:00.0,Mollejon_U2,8.088941763789872
2023-11-19T00:00:00.0,Vaca_U1,4.516288831369941
2023-11-19T00:00:00.0,Vaca_U3,0.0
2023-11-19T00:00:00.0,Chalillo_U1,1.8078615117571757
2023-11-19T00:00:00.0,Chalillo_U2,1.5000000000000002
2023-11-19T00:00:00.0,Mollejon_U1,0.0
2023-11-19T00:00:00.0,Vaca_U2,0.0
2023-11-26T00:00:00.0,Mollejon_U2,8.6674245858128
2023-11-26T00:00:00.0,Vaca_U1,4.613691659928773e-14
2023-11-26T00:00:00.0,Vaca_U3,0.988516305036292
2023-11-26T00:00:00.0,Chalillo_U1,2.9766707505514884
2023-11-26T00:00:00.0,Chalillo_U2,0.0
2023-11-26T00:00:00.0,Mollejon_U1,0.0
2023-11-26T00:00:00.0,Vaca_U2,0.0
2023-12-03T00:00:00.0,Mollejon_U2,-1.0500512496551074e-13
2023-12-03T00:00:00.0,Vaca_U1,-1.6105978158296807e-14
2023-12-03T00:00:00.0,Vaca_U3,0.9499999999999998
2023-12-03T00:00:00.0,Chalillo_U1,1.5000000000000422
2023-12-03T00:00:00.0,Chalillo_U2,0.0
2023-12-03T00:00:00.0,Mollejon_U1,0.0
2023-12-03T00:00:00.0,Vaca_U2,0.0
2023-12-10T00:00:00.0,Mollejon_U2,9.699999999999816
2023-12-10T00:00:00.0,Vaca_U1,4.63110937173076
2023-12-10T00:00:00.0,Vaca_U3,0.0
2023-12-10T00:00:00.0,Chalillo_U1,3.424344222982899
2023-12-10T00:00:00.0,Chalillo_U2,0.0
2023-12-10T00:00:00.0,Mollejon_U1,0.0
2023-12-10T00:00:00.0,Vaca_U2,0.0
2023-12-17T00:00:00.0,Mollejon_U2,0.0
2023-12-17T00:00:00.0,Vaca_U1,6.442391263318724e-14
2023-12-17T00:00:00.0,Vaca_U3,0.0
2023-12-17T00:00:00.0,Chalillo_U1,1.5000000000000422
2023-12-17T00:00:00.0,Chalillo_U2,0.0
2023-12-17T00:00:00.0,Mollejon_U1,0.0
2023-12-17T00:00:00.0,Vaca_U2,0.0
2023-12-24T00:00:00.0,Mollejon_U2,3.4999999999999276
2023-12-24T00:00:00.0,Vaca_U1,6.71082423262367e-15
2023-12-24T00:00:00.0,Vaca_U3,1.0
2023-12-24T00:00:00.0,Chalillo_U1,3.9400000000000164
2023-12-24T00:00:00.0,Chalillo_U2,0.0
2023-12-24T00:00:00.0,Mollejon_U1,0.0
2023-12-24T00:00:00.0,Vaca_U2,0.0
